prompt,output,flag,username,timestamp
,"You: 

Assistant: To remove a stuck chainring on a bicycle, you will need:

* A chain whip
* A set of hex wrenches
* A hammer

1. Remove the pedals from the bike.
2. Use the hex wrenches to loosen the bolts that secure the chainring to the crank arm.
3. Use the chain whip to hold the crank arm in place while you use the hammer to tap on the chainring bolts.
4. Continue tapping on the bolts until they are loose enough to remove.
5. Once the bolts are removed, you can lift the chainring off of the crank arm.

Be sure to clean and lubricate the chainring and crank arm before reassembling them.",,,2023-12-09 17:20:47.620646
My foldable bicycle's brakes feel less responsive. What steps should I take? ,"You: My foldable bicycle's brakes feel less responsive. What steps should I take?

Assistant: 
Inspect the brake pads for wear and tear.
Adjust the brake tension if necessary.
Check for any debris or obstacles affecting the brake performance.",,,2023-12-09 17:36:34.106012
